id;dni;nombre;fecha_nacimiento;email;celular
1;eco-cent;Configuration UIC-Franc;2019-08-14;Avis_Ebert@gmail.com;intuitive Open-architected system-worthy
2;program;Metal array France;2019-08-14;Heber86@hotmail.com;Senior Avon
3;Auto Loa;Yen;2019-08-14;Sierra.Torphy@gmail.com;California interfaces
4;Garden D;generating;2019-08-14;Demarco82@gmail.com;back-end
5;interfac;compress lavender Investment Account;2019-08-15;Amely.Dietrich@hotmail.com;Philippine Peso Metal
6;Strategi;card Licensed Cotton Ball;2019-08-14;Natalie2@yahoo.com;Brand
7;infomedi;Enterprise-wide Benin;2019-08-14;Maggie63@gmail.com;Buckinghamshire payment e-markets
8;paradigm;Steel leading-edge Small;2019-08-15;Elvie_Steuber17@gmail.com;Music connect
9;Hollow S;Generic Frozen Tuna HTTP;2019-08-14;Adrienne_Muller50@yahoo.com;Norfolk Island Chilean Peso Unidades de fomento Checking Account
10;invoice ;multi-byte Jamaican Dollar North Carolina;2019-08-15;Randal_Little62@yahoo.com;parsing invoice
